{"cameraMode":{"drawMode":0,"name":"Shaded","section":"Shading Mode"},"sceneLighting":true,"audioPlay":false,"sceneViewState":{"m_AlwaysRefresh":false,"showFog":true,"showSkybox":true,"showFlares":true,"showImageEffects":true,"showParticleSystems":true,"showVisualEffectGraphs":true,"m_FxEnabled":true},"in2DMode":false,"pivot":{"x":382.8348083496094,"y":169.71627807617188,"z":-30.18267822265625},"rotation":{"x":0.27135318517684939,"y":0.008656863123178482,"z":-0.002441094722598791,"w":0.9624403715133667},"size":273.0710144042969,"orthographic":false}